{
  "collapse-filter": true,
  "search": "",
  "showTags": false,
  "showAttachments": false,
  "hideUnresolved": false,
  "showOrphans": true,
  "collapse-color-groups": true,
  "colorGroups": [],
  "collapse-display": false,
  "showArrow": false,
  "textFadeMultiplier": 0.3,
  "nodeSizeMultiplier": 0.616524216524217,
  "lineSizeMultiplier": 1.78917378917379,
  "collapse-forces": false,
  "centerStrength": 0.504273504273504,
  "repelStrength": 12.7065527065527,
  "linkStrength": 0.783475783475784,
  "linkDistance": 181,
  "scale": 0.999999999999997,
  "close": true
}